T_años;Q_m3s
2;188.26013929798307
5;332.9032772347056
10;443.29354826746845
25;601.9894065640482
50;735.3687966919956
100;882.6031793092127
