T_años;Q_m3s
2;91.82760060268359
5;214.26625947408226
10;343.4369425837442
25;594.4328491746345
50;875.2395607677063
100;1271.6426392852195
