T_años;Q_m3s
2;100.61964213014032
5;154.11685315895835
10;188.75256360820168
25;231.64140325212526
50;262.840609477595
100;293.29829498604187
